--
-- PostgreSQL database dump
--

-- Dumped from database version 12.9 (Ubuntu 12.9-2.pgdg20.04+1)
-- Dumped by pg_dump version 12.9 (Ubuntu 12.9-2.pgdg20.04+1)

SET statement_timeout = 0;
SET lock_timeout = 0;
SET idle_in_transaction_session_timeout = 0;
SET client_encoding = 'UTF8';
SET standard_conforming_strings = on;
SELECT pg_catalog.set_config('search_path', '', false);
SET check_function_bodies = false;
SET xmloption = content;
SET client_min_messages = warning;
SET row_security = off;

DROP DATABASE universe;
--
-- Name: universe; Type: DATABASE; Schema: -; Owner: freecodecamp
--

CREATE DATABASE universe WITH TEMPLATE = template0 ENCODING = 'UTF8' LC_COLLATE = 'C.UTF-8' LC_CTYPE = 'C.UTF-8';


ALTER DATABASE universe OWNER TO freecodecamp;

\connect universe

SET statement_timeout = 0;
SET lock_timeout = 0;
SET idle_in_transaction_session_timeout = 0;
SET client_encoding = 'UTF8';
SET standard_conforming_strings = on;
SELECT pg_catalog.set_config('search_path', '', false);
SET check_function_bodies = false;
SET xmloption = content;
SET client_min_messages = warning;
SET row_security = off;

SET default_tablespace = '';

SET default_table_access_method = heap;

--
-- Name: comet; Type: TABLE; Schema: public; Owner: freecodecamp
--

CREATE TABLE public.comet (
    comet_id integer NOT NULL,
    name character varying(90) NOT NULL,
    description text
);


ALTER TABLE public.comet OWNER TO freecodecamp;

--
-- Name: comet_comet_id_seq; Type: SEQUENCE; Schema: public; Owner: freecodecamp
--

CREATE SEQUENCE public.comet_comet_id_seq
    AS integer
    START WITH 1
    INCREMENT BY 1
    NO MINVALUE
    NO MAXVALUE
    CACHE 1;


ALTER TABLE public.comet_comet_id_seq OWNER TO freecodecamp;

--
-- Name: comet_comet_id_seq; Type: SEQUENCE OWNED BY; Schema: public; Owner: freecodecamp
--

ALTER SEQUENCE public.comet_comet_id_seq OWNED BY public.comet.comet_id;


--
-- Name: galaxy; Type: TABLE; Schema: public; Owner: freecodecamp
--

CREATE TABLE public.galaxy (
    galaxy_id integer NOT NULL,
    name character varying NOT NULL,
    description character varying,
    age_in_million_years numeric,
    is_spherical boolean
);


ALTER TABLE public.galaxy OWNER TO freecodecamp;

--
-- Name: galaxy_galaxy_id_seq; Type: SEQUENCE; Schema: public; Owner: freecodecamp
--

CREATE SEQUENCE public.galaxy_galaxy_id_seq
    AS integer
    START WITH 1
    INCREMENT BY 1
    NO MINVALUE
    NO MAXVALUE
    CACHE 1;


ALTER TABLE public.galaxy_galaxy_id_seq OWNER TO freecodecamp;

--
-- Name: galaxy_galaxy_id_seq; Type: SEQUENCE OWNED BY; Schema: public; Owner: freecodecamp
--

ALTER SEQUENCE public.galaxy_galaxy_id_seq OWNED BY public.galaxy.galaxy_id;


--
-- Name: moon; Type: TABLE; Schema: public; Owner: freecodecamp
--

CREATE TABLE public.moon (
    moon_id integer NOT NULL,
    name character varying NOT NULL,
    description text,
    planet_id integer,
    mass numeric
);


ALTER TABLE public.moon OWNER TO freecodecamp;

--
-- Name: moon_moon_id_seq; Type: SEQUENCE; Schema: public; Owner: freecodecamp
--

CREATE SEQUENCE public.moon_moon_id_seq
    AS integer
    START WITH 1
    INCREMENT BY 1
    NO MINVALUE
    NO MAXVALUE
    CACHE 1;


ALTER TABLE public.moon_moon_id_seq OWNER TO freecodecamp;

--
-- Name: moon_moon_id_seq; Type: SEQUENCE OWNED BY; Schema: public; Owner: freecodecamp
--

ALTER SEQUENCE public.moon_moon_id_seq OWNED BY public.moon.moon_id;


--
-- Name: planet; Type: TABLE; Schema: public; Owner: freecodecamp
--

CREATE TABLE public.planet (
    planet_id integer NOT NULL,
    name character varying NOT NULL,
    has_life boolean,
    diameter_in_km integer,
    distance_from_sun integer,
    mass numeric,
    has_moon boolean,
    star_id integer
);


ALTER TABLE public.planet OWNER TO freecodecamp;

--
-- Name: planet_planet_id_seq; Type: SEQUENCE; Schema: public; Owner: freecodecamp
--

CREATE SEQUENCE public.planet_planet_id_seq
    AS integer
    START WITH 1
    INCREMENT BY 1
    NO MINVALUE
    NO MAXVALUE
    CACHE 1;


ALTER TABLE public.planet_planet_id_seq OWNER TO freecodecamp;

--
-- Name: planet_planet_id_seq; Type: SEQUENCE OWNED BY; Schema: public; Owner: freecodecamp
--

ALTER SEQUENCE public.planet_planet_id_seq OWNED BY public.planet.planet_id;


--
-- Name: star; Type: TABLE; Schema: public; Owner: freecodecamp
--

CREATE TABLE public.star (
    star_id integer NOT NULL,
    name character varying NOT NULL,
    galaxy_id integer,
    mass numeric,
    color text
);


ALTER TABLE public.star OWNER TO freecodecamp;

--
-- Name: star_star_id_seq; Type: SEQUENCE; Schema: public; Owner: freecodecamp
--

CREATE SEQUENCE public.star_star_id_seq
    AS integer
    START WITH 1
    INCREMENT BY 1
    NO MINVALUE
    NO MAXVALUE
    CACHE 1;


ALTER TABLE public.star_star_id_seq OWNER TO freecodecamp;

--
-- Name: star_star_id_seq; Type: SEQUENCE OWNED BY; Schema: public; Owner: freecodecamp
--

ALTER SEQUENCE public.star_star_id_seq OWNED BY public.star.star_id;


--
-- Name: comet comet_id; Type: DEFAULT; Schema: public; Owner: freecodecamp
--

ALTER TABLE ONLY public.comet ALTER COLUMN comet_id SET DEFAULT nextval('public.comet_comet_id_seq'::regclass);


--
-- Name: galaxy galaxy_id; Type: DEFAULT; Schema: public; Owner: freecodecamp
--

ALTER TABLE ONLY public.galaxy ALTER COLUMN galaxy_id SET DEFAULT nextval('public.galaxy_galaxy_id_seq'::regclass);


--
-- Name: moon moon_id; Type: DEFAULT; Schema: public; Owner: freecodecamp
--

ALTER TABLE ONLY public.moon ALTER COLUMN moon_id SET DEFAULT nextval('public.moon_moon_id_seq'::regclass);


--
-- Name: planet planet_id; Type: DEFAULT; Schema: public; Owner: freecodecamp
--

ALTER TABLE ONLY public.planet ALTER COLUMN planet_id SET DEFAULT nextval('public.planet_planet_id_seq'::regclass);


--
-- Name: star star_id; Type: DEFAULT; Schema: public; Owner: freecodecamp
--

ALTER TABLE ONLY public.star ALTER COLUMN star_id SET DEFAULT nextval('public.star_star_id_seq'::regclass);


--
-- Data for Name: comet; Type: TABLE DATA; Schema: public; Owner: freecodecamp
--

INSERT INTO public.comet VALUES (1, 'Shoemaker-Levy 9', NULL);
INSERT INTO public.comet VALUES (2, 'Rosetta', NULL);
INSERT INTO public.comet VALUES (3, 'ISON', NULL);


--
-- Data for Name: galaxy; Type: TABLE DATA; Schema: public; Owner: freecodecamp
--

INSERT INTO public.galaxy VALUES (1, 'Andromeda', NULL, NULL, NULL);
INSERT INTO public.galaxy VALUES (2, 'Antennae', NULL, NULL, NULL);
INSERT INTO public.galaxy VALUES (3, 'Backward', NULL, NULL, NULL);
INSERT INTO public.galaxy VALUES (4, 'Black Eye', NULL, NULL, NULL);
INSERT INTO public.galaxy VALUES (5, 'Bode', NULL, NULL, NULL);
INSERT INTO public.galaxy VALUES (6, 'Butterfly', NULL, NULL, NULL);
INSERT INTO public.galaxy VALUES (7, 'Cigar', NULL, NULL, NULL);
INSERT INTO public.galaxy VALUES (8, 'Milky Way', NULL, NULL, NULL);


--
-- Data for Name: moon; Type: TABLE DATA; Schema: public; Owner: freecodecamp
--

INSERT INTO public.moon VALUES (1, 'Luna', NULL, 3, NULL);
INSERT INTO public.moon VALUES (2, 'Phobos', NULL, 4, NULL);
INSERT INTO public.moon VALUES (3, 'Deimos', NULL, 4, NULL);
INSERT INTO public.moon VALUES (4, 'Ganymede', NULL, 5, NULL);
INSERT INTO public.moon VALUES (5, 'Callisto', NULL, 5, NULL);
INSERT INTO public.moon VALUES (6, 'Io', NULL, 5, NULL);
INSERT INTO public.moon VALUES (7, 'Europa', NULL, 5, NULL);
INSERT INTO public.moon VALUES (8, 'Amalthea', NULL, 5, NULL);
INSERT INTO public.moon VALUES (9, 'Himalia', NULL, 5, NULL);
INSERT INTO public.moon VALUES (10, 'Thebe', NULL, 5, NULL);
INSERT INTO public.moon VALUES (11, 'Elara', NULL, 5, NULL);
INSERT INTO public.moon VALUES (12, 'Pasiphae', NULL, 5, NULL);
INSERT INTO public.moon VALUES (13, 'Metis', NULL, 5, NULL);
INSERT INTO public.moon VALUES (14, 'Titan', NULL, 6, NULL);
INSERT INTO public.moon VALUES (15, 'Rhea', NULL, 6, NULL);
INSERT INTO public.moon VALUES (16, 'Iapetus', NULL, 6, NULL);
INSERT INTO public.moon VALUES (17, 'Dione', NULL, 6, NULL);
INSERT INTO public.moon VALUES (18, 'Tethys', NULL, 6, NULL);
INSERT INTO public.moon VALUES (19, 'Enceladus', NULL, 6, NULL);
INSERT INTO public.moon VALUES (20, 'Mimas', NULL, 6, NULL);
INSERT INTO public.moon VALUES (21, 'Hyperion', NULL, 6, NULL);


--
-- Data for Name: planet; Type: TABLE DATA; Schema: public; Owner: freecodecamp
--

INSERT INTO public.planet VALUES (1, 'Mercury', false, NULL, NULL, NULL, NULL, 8);
INSERT INTO public.planet VALUES (2, 'Venus', NULL, NULL, NULL, NULL, NULL, 8);
INSERT INTO public.planet VALUES (3, 'Earth', NULL, NULL, NULL, NULL, NULL, 8);
INSERT INTO public.planet VALUES (4, 'Mars', NULL, NULL, NULL, NULL, NULL, 8);
INSERT INTO public.planet VALUES (5, 'Jupiter', NULL, NULL, NULL, NULL, NULL, 8);
INSERT INTO public.planet VALUES (6, 'Saturn', NULL, NULL, NULL, NULL, NULL, 8);
INSERT INTO public.planet VALUES (7, 'Pluto', NULL, NULL, NULL, NULL, NULL, 8);
INSERT INTO public.planet VALUES (8, 'Neptune', NULL, NULL, NULL, NULL, NULL, 8);
INSERT INTO public.planet VALUES (9, 'Uranus', NULL, NULL, NULL, NULL, NULL, 8);
INSERT INTO public.planet VALUES (10, 'Ceres', NULL, NULL, NULL, NULL, NULL, 8);
INSERT INTO public.planet VALUES (11, 'UB313', NULL, NULL, NULL, NULL, NULL, 8);
INSERT INTO public.planet VALUES (12, 'Charon', NULL, NULL, NULL, NULL, NULL, 8);


--
-- Data for Name: star; Type: TABLE DATA; Schema: public; Owner: freecodecamp
--

INSERT INTO public.star VALUES (1, 'Sirius', 8, NULL, NULL);
INSERT INTO public.star VALUES (2, 'Canopus', 8, NULL, NULL);
INSERT INTO public.star VALUES (3, 'Rigel Kentaurus', 8, NULL, NULL);
INSERT INTO public.star VALUES (4, 'Arcturus', 8, NULL, NULL);
INSERT INTO public.star VALUES (5, 'Vega', 8, NULL, NULL);
INSERT INTO public.star VALUES (6, 'Capella', 8, NULL, NULL);
INSERT INTO public.star VALUES (7, 'Rigel', 8, NULL, NULL);
INSERT INTO public.star VALUES (8, 'Sun', 8, NULL, NULL);


--
-- Name: comet_comet_id_seq; Type: SEQUENCE SET; Schema: public; Owner: freecodecamp
--

SELECT pg_catalog.setval('public.comet_comet_id_seq', 3, true);


--
-- Name: galaxy_galaxy_id_seq; Type: SEQUENCE SET; Schema: public; Owner: freecodecamp
--

SELECT pg_catalog.setval('public.galaxy_galaxy_id_seq', 8, true);


--
-- Name: moon_moon_id_seq; Type: SEQUENCE SET; Schema: public; Owner: freecodecamp
--

SELECT pg_catalog.setval('public.moon_moon_id_seq', 21, true);


--
-- Name: planet_planet_id_seq; Type: SEQUENCE SET; Schema: public; Owner: freecodecamp
--

SELECT pg_catalog.setval('public.planet_planet_id_seq', 12, true);


--
-- Name: star_star_id_seq; Type: SEQUENCE SET; Schema: public; Owner: freecodecamp
--

SELECT pg_catalog.setval('public.star_star_id_seq', 8, true);


--
-- Name: comet comet_pkey; Type: CONSTRAINT; Schema: public; Owner: freecodecamp
--

ALTER TABLE ONLY public.comet
    ADD CONSTRAINT comet_pkey PRIMARY KEY (comet_id);


--
-- Name: galaxy galaxy_pkey; Type: CONSTRAINT; Schema: public; Owner: freecodecamp
--

ALTER TABLE ONLY public.galaxy
    ADD CONSTRAINT galaxy_pkey PRIMARY KEY (galaxy_id);


--
-- Name: moon moon_pkey; Type: CONSTRAINT; Schema: public; Owner: freecodecamp
--

ALTER TABLE ONLY public.moon
    ADD CONSTRAINT moon_pkey PRIMARY KEY (moon_id);


--
-- Name: planet planet_pkey; Type: CONSTRAINT; Schema: public; Owner: freecodecamp
--

ALTER TABLE ONLY public.planet
    ADD CONSTRAINT planet_pkey PRIMARY KEY (planet_id);


--
-- Name: star star_pkey; Type: CONSTRAINT; Schema: public; Owner: freecodecamp
--

ALTER TABLE ONLY public.star
    ADD CONSTRAINT star_pkey PRIMARY KEY (star_id);


--
-- Name: comet unique_comet_name; Type: CONSTRAINT; Schema: public; Owner: freecodecamp
--

ALTER TABLE ONLY public.comet
    ADD CONSTRAINT unique_comet_name UNIQUE (name);


--
-- Name: galaxy unique_galaxy_name; Type: CONSTRAINT; Schema: public; Owner: freecodecamp
--

ALTER TABLE ONLY public.galaxy
    ADD CONSTRAINT unique_galaxy_name UNIQUE (name);


--
-- Name: moon unique_moon_name; Type: CONSTRAINT; Schema: public; Owner: freecodecamp
--

ALTER TABLE ONLY public.moon
    ADD CONSTRAINT unique_moon_name UNIQUE (name);


--
-- Name: planet unique_planet_name; Type: CONSTRAINT; Schema: public; Owner: freecodecamp
--

ALTER TABLE ONLY public.planet
    ADD CONSTRAINT unique_planet_name UNIQUE (name);


--
-- Name: star unique_star_name; Type: CONSTRAINT; Schema: public; Owner: freecodecamp
--

ALTER TABLE ONLY public.star
    ADD CONSTRAINT unique_star_name UNIQUE (name);


--
-- Name: moon moon_planet_id_fkey; Type: FK CONSTRAINT; Schema: public; Owner: freecodecamp
--

ALTER TABLE ONLY public.moon
    ADD CONSTRAINT moon_planet_id_fkey FOREIGN KEY (planet_id) REFERENCES public.planet(planet_id);


--
-- Name: planet planet_star_id_fkey; Type: FK CONSTRAINT; Schema: public; Owner: freecodecamp
--

ALTER TABLE ONLY public.planet
    ADD CONSTRAINT planet_star_id_fkey FOREIGN KEY (star_id) REFERENCES public.star(star_id);


--
-- Name: star star_galaxy_id_fkey; Type: FK CONSTRAINT; Schema: public; Owner: freecodecamp
--

ALTER TABLE ONLY public.star
    ADD CONSTRAINT star_galaxy_id_fkey FOREIGN KEY (galaxy_id) REFERENCES public.galaxy(galaxy_id);


--
-- PostgreSQL database dump complete
--

